image,quality
Good/drimdb_good (105).jpg,0
Good/drimdb_good (124).jpg,0
Good/drimdb_good (81).jpg,0
Good/drimdb_good (99).jpg,0
Good/drimdb_good (58).jpg,0
Good/drimdb_good (49).jpg,0
Good/drimdb_good (5).jpg,0
Good/drimdb_good (91).jpg,0
Good/drimdb_good (117).jpg,0
Good/drimdb_good (114).jpg,0
Good/drimdb_good (93).jpg,0
Good/drimdb_good (77).jpg,0
Good/drimdb_good (79).jpg,0
Good/drimdb_good (103).jpg,0
Good/drimdb_good (102).jpg,0
Good/drimdb_good (51).jpg,0
Good/drimdb_good (25).jpg,0
Good/drimdb_good (62).jpg,0
Good/drimdb_good (68).jpg,0
Good/drimdb_good (120).jpg,0
Good/drimdb_good (125).jpg,0
Good/drimdb_good (10).jpg,0
Good/drimdb_good (39).jpg,0
Good/drimdb_good (63).jpg,0
Good/drimdb_good (108).jpg,0
Good/drimdb_good (123).jpg,0
Good/drimdb_good (40).jpg,0
Good/drimdb_good (92).jpg,0
Good/drimdb_good (23).jpg,0
Good/drimdb_good (111).jpg,0
Good/drimdb_good (33).jpg,0
Good/drimdb_good (109).jpg,0
Good/drimdb_good (70).jpg,0
Good/drimdb_good (3).jpg,0
Good/drimdb_good (14).jpg,0
Good/drimdb_good (8).jpg,0
Good/drimdb_good (121).jpg,0
Good/drimdb_good (24).jpg,0
Good/drimdb_good (52).jpg,0
Good/drimdb_good (72).jpg,0
Good/drimdb_good (36).jpg,0
Good/drimdb_good (74).jpg,0
Good/drimdb_good (29).jpg,0
Good/drimdb_good (6).jpg,0
Good/drimdb_good (73).jpg,0
Good/drimdb_good (48).jpg,0
Good/drimdb_good (89).jpg,0
Good/drimdb_good (38).jpg,0
Good/drimdb_good (34).jpg,0
Good/drimdb_good (16).jpg,0
Good/drimdb_good (80).jpg,0
Good/drimdb_good (106).jpg,0
Good/drimdb_good (67).jpg,0
Good/drimdb_good (18).jpg,0
Good/drimdb_good (26).jpg,0
Good/drimdb_good (90).jpg,0
Good/drimdb_good (118).jpg,0
Good/drimdb_good (78).jpg,0
Good/drimdb_good (84).jpg,0
Good/drimdb_good (66).jpg,0
Good/drimdb_good (9).jpg,0
Good/drimdb_good (11).jpg,0
Good/drimdb_good (65).jpg,0
Good/drimdb_good (76).jpg,0
Good/drimdb_good (54).jpg,0
Good/drimdb_good (12).jpg,0
Good/drimdb_good (122).jpg,0
Good/drimdb_good (96).jpg,0
Good/drimdb_good (46).jpg,0
Good/drimdb_good (113).jpg,0
Good/drimdb_good (22).jpg,0
Good/drimdb_good (83).jpg,0
Good/drimdb_good (37).jpg,0
Good/drimdb_good (98).jpg,0
Good/drimdb_good (87).jpg,0
Good/drimdb_good (82).jpg,0
Good/drimdb_good (56).jpg,0
Good/drimdb_good (50).jpg,0
Good/drimdb_good (116).jpg,0
Good/drimdb_good (64).jpg,0
Good/drimdb_good (19).jpg,0
Good/drimdb_good (100).jpg,0
Good/drimdb_good (75).jpg,0
Good/drimdb_good (47).jpg,0
Good/drimdb_good (57).jpg,0
Good/drimdb_good (107).jpg,0
Good/drimdb_good (20).jpg,0
Good/drimdb_good (119).jpg,0
Good/drimdb_good (61).jpg,0
Good/drimdb_good (71).jpg,0
Good/drimdb_good (44).jpg,0
Good/drimdb_good (28).jpg,0
Good/drimdb_good (85).jpg,0
Good/drimdb_good (55).jpg,0
Good/drimdb_good (101).jpg,0
Good/drimdb_good (88).jpg,0
Good/drimdb_good (43).jpg,0
Good/drimdb_good (35).jpg,0
Good/drimdb_good (53).jpg,0
Good/drimdb_good (104).jpg,0
Good/drimdb_good (1).jpg,0
Good/drimdb_good (42).jpg,0
Good/drimdb_good (110).jpg,0
Good/drimdb_good (94).jpg,0
Good/drimdb_good (31).jpg,0
Good/drimdb_good (60).jpg,0
Good/drimdb_good (15).jpg,0
Good/drimdb_good (45).jpg,0
Good/drimdb_good (17).jpg,0
Good/drimdb_good (97).jpg,0
Good/drimdb_good (95).jpg,0
Good/drimdb_good (86).jpg,0
Good/drimdb_good (13).jpg,0
Good/drimdb_good (112).jpg,0
Good/drimdb_good (21).jpg,0
Good/drimdb_good (30).jpg,0
Good/drimdb_good (7).jpg,0
Good/drimdb_good (2).jpg,0
Good/drimdb_good (4).jpg,0
Good/drimdb_good (59).jpg,0
Good/drimdb_good (41).jpg,0
Good/drimdb_good (32).jpg,0
Good/drimdb_good (115).jpg,0
Good/drimdb_good (27).jpg,0
Good/drimdb_good (69).jpg,0
Bad/drimdb_bad (43).jpg,2
Bad/drimdb_bad (37).jpg,2
Bad/drimdb_bad (22).jpg,2
Bad/drimdb_bad (25).jpg,2
Bad/drimdb_bad (10).jpg,2
Bad/drimdb_bad (51).jpg,2
Bad/drimdb_bad (59).jpg,2
Bad/drimdb_bad (39).jpg,2
Bad/drimdb_bad (40).jpg,2
Bad/drimdb_bad (36).jpg,2
Bad/drimdb_bad (30).jpg,2
Bad/drimdb_bad (60).jpg,2
Bad/drimdb_bad (38).jpg,2
Bad/drimdb_bad (67).jpg,2
Bad/drimdb_bad (9).jpg,2
Bad/drimdb_bad (19).jpg,2
Bad/drimdb_bad (4).jpg,2
Bad/drimdb_bad (69).jpg,2
Bad/drimdb_bad (5).jpg,2
Bad/drimdb_bad (21).jpg,2
Bad/drimdb_bad (42).jpg,2
Bad/drimdb_bad (50).jpg,2
Bad/drimdb_bad (54).jpg,2
Bad/drimdb_bad (27).jpg,2
Bad/drimdb_bad (32).jpg,2
Bad/drimdb_bad (65).jpg,2
Bad/drimdb_bad (34).jpg,2
Bad/drimdb_bad (15).jpg,2
Bad/drimdb_bad (12).jpg,2
Bad/drimdb_bad (44).jpg,2
Bad/drimdb_bad (63).jpg,2
Bad/drimdb_bad (64).jpg,2
Bad/drimdb_bad (1).jpg,2
Bad/drimdb_bad (24).jpg,2
Bad/drimdb_bad (16).jpg,2
Bad/drimdb_bad (53).jpg,2
Bad/drimdb_bad (23).jpg,2
Bad/drimdb_bad (46).jpg,2
Bad/drimdb_bad (41).jpg,2
Bad/drimdb_bad (48).jpg,2
Bad/drimdb_bad (45).jpg,2
Bad/drimdb_bad (61).jpg,2
Bad/drimdb_bad (49).jpg,2
Bad/drimdb_bad (7).jpg,2
Bad/drimdb_bad (33).jpg,2
Bad/drimdb_bad (68).jpg,2
Bad/drimdb_bad (8).jpg,2
Bad/drimdb_bad (35).jpg,2
Bad/drimdb_bad (55).jpg,2
Bad/drimdb_bad (18).jpg,2
Bad/drimdb_bad (28).jpg,2
Bad/drimdb_bad (56).jpg,2
Bad/drimdb_bad (52).jpg,2
Bad/drimdb_bad (20).jpg,2
Bad/drimdb_bad (31).jpg,2
Bad/drimdb_bad (17).jpg,2
Bad/drimdb_bad (26).jpg,2
Bad/drimdb_bad (13).jpg,2
Bad/drimdb_bad (62).jpg,2
Bad/drimdb_bad (58).jpg,2
Bad/drimdb_bad (47).jpg,2
Bad/drimdb_bad (11).jpg,2
Bad/drimdb_bad (2).jpg,2
Bad/drimdb_bad (66).jpg,2
Bad/drimdb_bad (29).jpg,2
Bad/drimdb_bad (57).jpg,2
Bad/drimdb_bad (14).jpg,2
Bad/drimdb_bad (3).jpg,2
Bad/drimdb_bad (6).jpg,2
